lr-AdamW,step,loss,epoch
0.0001,49,,
,49,1.7586994171142578,0
0.0001,99,,
,99,1.470384955406189,0
0.0001,149,,
,149,2.0336458683013916,0
0.0001,199,,
,199,1.411285400390625,0
0.0001,249,,
,249,1.890618085861206,0
